run,execution_time,output_file_size,peak_cpu,avg_cpu,peak_memory_mb,avg_memory_mb
1,8.704952955245972,6276,12.57,5.283333333333333,157.6,91.73333333333333
2,7.352576971054077,6276,55.56,29.395,158.6,138.15
3,2.8023171424865723,2,0,0,0,0
4,4.745995044708252,2,67.84,67.84,106.9,106.9
5,2.671182155609131,2,0,0,0,0
6,2.8815360069274902,2,0,0,0,0
7,3.429168224334717,2,0,0,0,0
8,2.7308011054992676,2,0,0,0,0
9,3.009593963623047,2,0,0,0,0
10,3.0634729862213135,2,0,0,0,0
